{
  "scorer_name": "v1_ev_winner_locked_in",
  "slate_cap": 5,
  "train_cutoff": "2024-12-31",
  "n_total_matches": 163209,
  "n_slates_seen": 956,
  "n_slates_evaluable": 911,
  "n_dropped_cold_start": 3269,
  "n_dropped_other": 0,
  "train": {
    "n_slates": 0,
    "n_picks": 0,
    "n_labelable": 0,
    "precision_at_k_lock": NaN,
    "precision_at_k_lock_or_lean": NaN,
    "base_rate_lock": NaN,
    "base_rate_lock_or_lean": NaN,
    "n_ev_labelable": 0,
    "precision_at_k_ev_prime": NaN,
    "precision_at_k_ev_edge_or_better": NaN,
    "mean_ev_at_k": NaN,
    "mean_realized_return_at_k": NaN,
    "base_rate_ev_prime": NaN,
    "base_rate_ev_edge_or_better": NaN,
    "base_mean_realized_return": NaN,
    "per_tour": {}
  },
  "holdout": {
    "n_slates": 911,
    "n_picks": 4555,
    "n_labelable": 4378,
    "precision_at_k_lock": 0.054665203073545554,
    "precision_at_k_lock_or_lean": 0.30823271130625685,
    "base_rate_lock": 0.19451301615798922,
    "base_rate_lock_or_lean": 0.4789048473967684,
    "n_ev_labelable": 4378,
    "precision_at_k_ev_prime": 0.2923709456372773,
    "precision_at_k_ev_edge_or_better": 0.42782092279579714,
    "mean_ev_at_k": 0.20604361895919776,
    "mean_realized_return_at_k": 0.14754141540981222,
    "base_rate_ev_prime": 0.12948184781386984,
    "base_rate_ev_edge_or_better": 0.2539620096661796,
    "base_mean_realized_return": 0.07468629284970703,
    "per_tour": {
      "wta": {
        "n_picks": 2245,
        "precision_lock": 0.06636971046770601,
        "precision_lock_or_lean": 0.32783964365256124,
        "n_ev_labelable": 2138,
        "mean_realized_return": 0.10225190481992238,
        "mean_ev_per_dollar": 0.15878898358266377,
        "precision_ev_prime": 0.24649204864359214
      },
      "atp": {
        "n_picks": 2310,
        "precision_lock": 0.04329004329004329,
        "precision_lock_or_lean": 0.2891774891774892,
        "n_ev_labelable": 2240,
        "mean_realized_return": 0.190768635785341,
        "mean_ev_per_dollar": 0.25114648076055024,
        "precision_ev_prime": 0.3361607142857143
      }
    }
  }
}